date,sku_id,units,forecast_xgboost,forecast_seasonal_naive
2025-05-07,SKU-B-01,123,182.67741,172
2025-05-08,SKU-B-01,129,193.88551,201
2025-05-09,SKU-B-01,257,226.98097,153
2025-05-10,SKU-B-01,411,273.51553,252
2025-05-11,SKU-B-01,421,254.26863,245
2025-05-12,SKU-B-01,590,301.41165,156
2025-05-13,SKU-B-01,87,170.24619,159
2025-05-14,SKU-B-01,231,175.95149,172
2025-05-15,SKU-B-01,147,183.40738,201
2025-05-16,SKU-B-01,296,205.08575,153
2025-05-17,SKU-B-01,332,282.3328,252
2025-05-18,SKU-B-01,207,269.8679,245
2025-05-19,SKU-B-01,187,166.43776,156
2025-05-20,SKU-B-01,339,169.54878,159
2025-05-21,SKU-B-01,190,176.8898,172
2025-05-22,SKU-B-01,170,183.71434,201
2025-05-23,SKU-B-01,189,213.3469,153
2025-05-24,SKU-B-01,297,282.20908,252
2025-05-25,SKU-B-01,345,274.4456,245
2025-05-26,SKU-B-01,108,147.74763,156
2025-05-27,SKU-B-01,206,159.93419,159
2025-05-28,SKU-B-01,284,164.217,172
2025-05-29,SKU-B-01,208,164.83968,201
2025-05-30,SKU-B-01,226,198.44127,153
2025-05-31,SKU-B-01,349,288.8887,252
2025-06-01,SKU-B-01,228,250.15771,245
2025-06-02,SKU-B-01,198,138.06471,156
2025-06-03,SKU-B-01,220,137.44766,159
2025-06-04,SKU-B-01,237,152.05817,172
2025-06-05,SKU-B-01,295,165.65453,201
2025-06-06,SKU-B-01,297,224.24133,153
2025-06-07,SKU-B-01,638,282.90717,252
2025-06-08,SKU-B-01,231,272.8421,245
2025-06-09,SKU-B-01,201,151.11934,156
2025-06-10,SKU-B-01,123,152.33699,159
2025-06-11,SKU-B-01,265,162.68242,172
2025-06-12,SKU-B-01,251,171.75107,201
2025-06-13,SKU-B-01,254,225.81479,153
2025-06-14,SKU-B-01,373,279.97537,252
2025-06-15,SKU-B-01,438,272.64487,245
2025-06-16,SKU-B-01,281,150.28624,156
2025-06-17,SKU-B-01,270,155.84444,159
2025-06-18,SKU-B-01,238,161.7301,172
2025-06-19,SKU-B-01,395,175.65668,201
2025-06-20,SKU-B-01,296,227.17422,153
2025-06-21,SKU-B-01,833,281.208,252
2025-06-22,SKU-B-01,335,271.39224,245
2025-06-23,SKU-B-01,311,154.27377,156
2025-06-24,SKU-B-01,114,156.77164,159
2025-06-25,SKU-B-01,241,166.87233,172
2025-06-26,SKU-B-01,297,167.64626,201
2025-06-27,SKU-B-01,405,227.5716,153
2025-06-28,SKU-B-01,235,282.8319,252
2025-06-29,SKU-B-01,496,272.22998,245
2025-06-30,SKU-B-01,115,152.20332,156
2025-07-01,SKU-B-01,265,160.04175,159
2025-05-07,SKU-B-02,84,138.49467,128
2025-05-08,SKU-B-02,179,156.38339,226
2025-05-09,SKU-B-02,128,166.33472,156
2025-05-10,SKU-B-02,254,222.32327,228
2025-05-11,SKU-B-02,263,205.86612,289
2025-05-12,SKU-B-02,127,151.57126,182
2025-05-13,SKU-B-02,83,140.47624,180
2025-05-14,SKU-B-02,170,135.07057,128
2025-05-15,SKU-B-02,82,148.26447,226
2025-05-16,SKU-B-02,133,177.44975,156
2025-05-17,SKU-B-02,135,227.59361,228
2025-05-18,SKU-B-02,589,514.137,289
2025-05-19,SKU-B-02,67,150.5666,182
2025-05-20,SKU-B-02,217,152.8094,180
2025-05-21,SKU-B-02,79,147.41875,128
2025-05-22,SKU-B-02,140,160.76782,226
2025-05-23,SKU-B-02,183,179.87926,156
2025-05-24,SKU-B-02,185,246.45224,228
2025-05-25,SKU-B-02,149,222.75092,289
2025-05-26,SKU-B-02,138,142.52242,182
2025-05-27,SKU-B-02,111,139.31282,180
2025-05-28,SKU-B-02,73,138.48529,128
2025-05-29,SKU-B-02,211,154.55064,226
2025-05-30,SKU-B-02,137,174.06517,156
2025-05-31,SKU-B-02,531,466.5939,228
2025-06-01,SKU-B-02,158,237.56523,289
2025-06-02,SKU-B-02,173,146.3597,182
2025-06-03,SKU-B-02,111,149.49557,180
2025-06-04,SKU-B-02,138,145.11049,128
2025-06-05,SKU-B-02,154,155.60597,226
2025-06-06,SKU-B-02,70,175.00513,156
2025-06-07,SKU-B-02,200,249.53943,228
2025-06-08,SKU-B-02,405,223.19872,289
2025-06-09,SKU-B-02,186,134.7202,182
2025-06-10,SKU-B-02,205,140.79988,180
2025-06-11,SKU-B-02,54,137.61902,128
2025-06-12,SKU-B-02,221,149.09596,226
2025-06-13,SKU-B-02,369,175.19406,156
2025-06-14,SKU-B-02,468,251.02713,228
2025-06-15,SKU-B-02,164,222.59167,289
2025-06-16,SKU-B-02,212,137.14787,182
2025-06-17,SKU-B-02,124,138.04727,180
2025-06-18,SKU-B-02,139,140.34515,128
2025-06-19,SKU-B-02,337,152.8992,226
2025-06-20,SKU-B-02,170,182.97115,156
2025-06-21,SKU-B-02,374,240.9308,228
2025-06-22,SKU-B-02,252,220.71419,289
2025-06-23,SKU-B-02,112,135.50319,182
2025-06-24,SKU-B-02,145,137.77576,180
2025-06-25,SKU-B-02,82,138.22522,128
2025-06-26,SKU-B-02,86,146.66307,226
2025-06-27,SKU-B-02,259,172.50172,156
2025-06-28,SKU-B-02,323,237.30247,228
2025-06-29,SKU-B-02,252,230.79054,289
2025-06-30,SKU-B-02,274,136.10771,182
2025-07-01,SKU-B-02,156,139.17065,180
2025-05-07,SKU-B-03,98,77.84306,276
2025-05-08,SKU-B-03,82,87.96535,86
2025-05-09,SKU-B-03,79,107.10769,105
2025-05-10,SKU-B-03,227,136.1168,130
2025-05-11,SKU-B-03,107,133.91101,65
2025-05-12,SKU-B-03,38,78.557205,131
2025-05-13,SKU-B-03,115,78.940285,42
2025-05-14,SKU-B-03,97,95.18782,276
2025-05-15,SKU-B-03,279,186.31906,86
2025-05-16,SKU-B-03,172,111.899185,105
2025-05-17,SKU-B-03,204,139.86984,130
2025-05-18,SKU-B-03,111,123.872284,65
2025-05-19,SKU-B-03,147,84.646164,131
2025-05-20,SKU-B-03,179,187.91177,42
2025-05-21,SKU-B-03,85,85.286125,276
2025-05-22,SKU-B-03,55,107.941666,86
2025-05-23,SKU-B-03,98,117.81361,105
2025-05-24,SKU-B-03,155,135.56316,130
2025-05-25,SKU-B-03,112,132.60681,65
2025-05-26,SKU-B-03,91,82.06848,131
2025-05-27,SKU-B-03,66,81.31293,42
2025-05-28,SKU-B-03,64,91.06899,276
2025-05-29,SKU-B-03,117,91.29061,86
2025-05-30,SKU-B-03,162,111.626305,105
2025-05-31,SKU-B-03,111,135.2054,130
2025-06-01,SKU-B-03,114,121.37315,65
2025-06-02,SKU-B-03,135,83.933395,131
2025-06-03,SKU-B-03,96,82.04535,42
2025-06-04,SKU-B-03,125,84.89703,276
2025-06-05,SKU-B-03,88,93.938095,86
2025-06-06,SKU-B-03,186,237.30487,105
2025-06-07,SKU-B-03,152,145.0549,130
2025-06-08,SKU-B-03,209,136.3947,65
2025-06-09,SKU-B-03,87,82.12027,131
2025-06-10,SKU-B-03,117,88.216965,42
2025-06-11,SKU-B-03,83,89.83799,276
2025-06-12,SKU-B-03,123,107.90609,86
2025-06-13,SKU-B-03,66,125.86148,105
2025-06-14,SKU-B-03,153,141.11647,130
2025-06-15,SKU-B-03,211,130.94809,65
2025-06-16,SKU-B-03,117,83.703384,131
2025-06-17,SKU-B-03,73,85.951225,42
2025-06-18,SKU-B-03,71,85.60211,276
2025-06-19,SKU-B-03,43,95.01804,86
2025-06-20,SKU-B-03,100,116.174835,105
2025-06-21,SKU-B-03,196,133.00143,130
2025-06-22,SKU-B-03,360,131.49422,65
2025-06-23,SKU-B-03,31,86.79924,131
2025-06-24,SKU-B-03,177,87.26443,42
2025-06-25,SKU-B-03,112,90.73651,276
2025-06-26,SKU-B-03,134,94.79615,86
2025-06-27,SKU-B-03,124,116.71385,105
2025-06-28,SKU-B-03,297,137.8597,130
2025-06-29,SKU-B-03,243,125.35123,65
2025-06-30,SKU-B-03,45,84.747055,131
2025-07-01,SKU-B-03,73,85.75761,42
2025-05-07,SKU-B-04,86,80.599846,274
2025-05-08,SKU-B-04,99,93.8646,72
2025-05-09,SKU-B-04,208,107.36451,110
2025-05-10,SKU-B-04,155,138.86873,89
2025-05-11,SKU-B-04,131,127.62309,138
2025-05-12,SKU-B-04,107,76.37822,40
2025-05-13,SKU-B-04,84,82.742874,39
2025-05-14,SKU-B-04,62,91.94489,274
2025-05-15,SKU-B-04,86,92.11182,72
2025-05-16,SKU-B-04,98,100.359375,110
2025-05-17,SKU-B-04,239,124.55491,89
2025-05-18,SKU-B-04,103,132.63014,138
2025-05-19,SKU-B-04,80,86.918846,40
2025-05-20,SKU-B-04,84,81.967575,39
2025-05-21,SKU-B-04,55,85.8591,274
2025-05-22,SKU-B-04,84,90.70646,72
2025-05-23,SKU-B-04,116,102.35269,110
2025-05-24,SKU-B-04,85,127.29784,89
2025-05-25,SKU-B-04,199,119.30423,138
2025-05-26,SKU-B-04,169,79.27135,40
2025-05-27,SKU-B-04,110,82.618416,39
2025-05-28,SKU-B-04,35,91.01834,274
2025-05-29,SKU-B-04,181,182.09886,72
2025-05-30,SKU-B-04,96,93.66104,110
2025-05-31,SKU-B-04,63,121.709435,89
2025-06-01,SKU-B-04,97,110.36025,138
2025-06-02,SKU-B-04,136,69.636894,40
2025-06-03,SKU-B-04,43,72.109985,39
2025-06-04,SKU-B-04,70,82.95774,274
2025-06-05,SKU-B-04,92,88.16355,72
2025-06-06,SKU-B-04,138,100.9366,110
2025-06-07,SKU-B-04,223,125.91351,89
2025-06-08,SKU-B-04,324,197.39601,138
2025-06-09,SKU-B-04,94,156.0143,40
2025-06-10,SKU-B-04,193,80.854904,39
2025-06-11,SKU-B-04,80,83.77806,274
2025-06-12,SKU-B-04,65,85.84535,72
2025-06-13,SKU-B-04,105,101.95133,110
2025-06-14,SKU-B-04,163,127.6834,89
2025-06-15,SKU-B-04,231,120.61141,138
2025-06-16,SKU-B-04,338,135.69331,40
2025-06-17,SKU-B-04,53,79.88414,39
2025-06-18,SKU-B-04,68,83.163246,274
2025-06-19,SKU-B-04,87,89.01155,72
2025-06-20,SKU-B-04,156,99.28322,110
2025-06-21,SKU-B-04,275,130.62227,89
2025-06-22,SKU-B-04,226,105.446205,138
2025-06-23,SKU-B-04,150,80.624245,40
2025-06-24,SKU-B-04,36,81.69891,39
2025-06-25,SKU-B-04,75,82.668236,274
2025-06-26,SKU-B-04,42,97.359886,72
2025-06-27,SKU-B-04,149,101.88007,110
2025-06-28,SKU-B-04,140,121.347015,89
2025-06-29,SKU-B-04,220,116.76651,138
2025-06-30,SKU-B-04,79,80.390854,40
2025-07-01,SKU-B-04,116,82.07826,39
2025-05-07,SKU-B-05,116,120.5094,49
2025-05-08,SKU-B-05,44,64.71737,50
2025-05-09,SKU-B-05,82,72.8315,40
2025-05-10,SKU-B-05,520,236.80699,78
2025-05-11,SKU-B-05,72,103.61891,102
2025-05-12,SKU-B-05,34,54.24632,57
2025-05-13,SKU-B-05,46,57.57381,45
2025-05-14,SKU-B-05,36,58.728535,49
2025-05-15,SKU-B-05,73,59.408165,50
2025-05-16,SKU-B-05,70,72.77122,40
2025-05-17,SKU-B-05,92,124.294205,78
2025-05-18,SKU-B-05,59,97.82564,102
2025-05-19,SKU-B-05,63,57.054005,57
2025-05-20,SKU-B-05,26,57.060818,45
2025-05-21,SKU-B-05,64,61.40492,49
2025-05-22,SKU-B-05,79,141.91544,50
2025-05-23,SKU-B-05,85,78.572,40
2025-05-24,SKU-B-05,132,96.07291,78
2025-05-25,SKU-B-05,222,92.773705,102
2025-05-26,SKU-B-05,24,54.644535,57
2025-05-27,SKU-B-05,56,59.007412,45
2025-05-28,SKU-B-05,35,60.798756,49
2025-05-29,SKU-B-05,64,64.50875,50
2025-05-30,SKU-B-05,104,80.05,40
2025-05-31,SKU-B-05,171,113.092445,78
2025-06-01,SKU-B-05,90,101.75662,102
2025-06-02,SKU-B-05,43,61.489815,57
2025-06-03,SKU-B-05,44,62.118614,45
2025-06-04,SKU-B-05,145,64.40678,49
2025-06-05,SKU-B-05,49,65.2304,50
2025-06-06,SKU-B-05,87,82.92504,40
2025-06-07,SKU-B-05,172,105.25619,78
2025-06-08,SKU-B-05,53,95.123405,102
2025-06-09,SKU-B-05,85,53.415188,57
2025-06-10,SKU-B-05,68,55.1595,45
2025-06-11,SKU-B-05,67,56.692196,49
2025-06-12,SKU-B-05,70,63.290176,50
2025-06-13,SKU-B-05,119,76.20183,40
2025-06-14,SKU-B-05,177,102.87508,78
2025-06-15,SKU-B-05,39,94.56506,102
2025-06-16,SKU-B-05,84,54.745586,57
2025-06-17,SKU-B-05,29,54.76603,45
2025-06-18,SKU-B-05,77,57.630817,49
2025-06-19,SKU-B-05,73,61.30757,50
2025-06-20,SKU-B-05,282,181.45323,40
2025-06-21,SKU-B-05,100,94.019615,78
2025-06-22,SKU-B-05,122,89.23093,102
2025-06-23,SKU-B-05,31,51.44515,57
2025-06-24,SKU-B-05,93,52.34769,45
2025-06-25,SKU-B-05,49,57.547256,49
2025-06-26,SKU-B-05,75,61.03149,50
2025-06-27,SKU-B-05,116,69.80163,40
2025-06-28,SKU-B-05,64,100.417,78
2025-06-29,SKU-B-05,105,93.03359,102
2025-06-30,SKU-B-05,29,55.707104,57
2025-07-01,SKU-B-05,107,55.093662,45
2025-05-07,SKU-EA-01,18,11.768804,18
2025-05-08,SKU-EA-01,2,13.161844,12
2025-05-09,SKU-EA-01,18,15.57584,8
2025-05-10,SKU-EA-01,26,21.604166,49
2025-05-11,SKU-EA-01,5,20.878883,77
2025-05-12,SKU-EA-01,36,11.8307705,7
2025-05-13,SKU-EA-01,16,11.139423,24
2025-05-14,SKU-EA-01,63,24.36318,18
2025-05-15,SKU-EA-01,15,13.067028,12
2025-05-16,SKU-EA-01,17,16.496857,8
2025-05-17,SKU-EA-01,24,19.758755,49
2025-05-18,SKU-EA-01,14,17.095522,77
2025-05-19,SKU-EA-01,34,10.542318,7
2025-05-20,SKU-EA-01,10,12.922893,24
2025-05-21,SKU-EA-01,14,11.311673,18
2025-05-22,SKU-EA-01,11,11.408993,12
2025-05-23,SKU-EA-01,12,15.565311,8
2025-05-24,SKU-EA-01,26,17.920006,49
2025-05-25,SKU-EA-01,28,15.857232,77
2025-05-26,SKU-EA-01,15,11.37766,7
2025-05-27,SKU-EA-01,22,13.028603,24
2025-05-28,SKU-EA-01,10,13.105189,18
2025-05-29,SKU-EA-01,21,12.201505,12
2025-05-30,SKU-EA-01,30,16.614357,8
2025-05-31,SKU-EA-01,10,21.741968,49
2025-06-01,SKU-EA-01,12,17.815136,77
2025-06-02,SKU-EA-01,8,9.620616,7
2025-06-03,SKU-EA-01,9,8.5750475,24
2025-06-04,SKU-EA-01,7,8.746292,18
2025-06-05,SKU-EA-01,4,8.312893,12
2025-06-06,SKU-EA-01,22,10.345405,8
2025-06-07,SKU-EA-01,11,11.997442,49
2025-06-08,SKU-EA-01,11,12.497072,77
2025-06-09,SKU-EA-01,22,8.332388,7
2025-06-10,SKU-EA-01,16,9.029343,24
2025-06-11,SKU-EA-01,5,7.8592706,18
2025-06-12,SKU-EA-01,28,7.936509,12
2025-06-13,SKU-EA-01,40,13.074117,8
2025-06-14,SKU-EA-01,8,14.308071,49
2025-06-15,SKU-EA-01,7,15.867351,77
2025-06-16,SKU-EA-01,18,8.143116,7
2025-06-17,SKU-EA-01,2,9.306361,24
2025-06-18,SKU-EA-01,2,7.843709,18
2025-06-19,SKU-EA-01,12,7.940381,12
2025-06-20,SKU-EA-01,14,11.939243,8
2025-06-21,SKU-EA-01,42,14.987966,49
2025-06-22,SKU-EA-01,10,14.668984,77
2025-06-23,SKU-EA-01,2,7.1946287,7
2025-06-24,SKU-EA-01,4,7.20924,24
2025-06-25,SKU-EA-01,10,6.4670477,18
2025-06-26,SKU-EA-01,14,6.6284027,12
2025-06-27,SKU-EA-01,15,7.010358,8
2025-06-28,SKU-EA-01,21,11.228192,49
2025-06-29,SKU-EA-01,24,12.475844,77
2025-06-30,SKU-EA-01,26,5.3943963,7
2025-07-01,SKU-EA-01,8,5.977436,24
2025-05-07,SKU-EA-02,14,13.060198,29
2025-05-08,SKU-EA-02,4,17.045221,60
2025-05-09,SKU-EA-02,15,19.008076,37
2025-05-10,SKU-EA-02,21,24.290901,56
2025-05-11,SKU-EA-02,66,16.711792,27
2025-05-12,SKU-EA-02,53,13.5454855,9
2025-05-13,SKU-EA-02,30,17.559471,18
2025-05-14,SKU-EA-02,22,19.241343,29
2025-05-15,SKU-EA-02,44,19.426504,60
2025-05-16,SKU-EA-02,70,21.841383,37
2025-05-17,SKU-EA-02,5,31.163418,56
2025-05-18,SKU-EA-02,6,20.808098,27
2025-05-19,SKU-EA-02,37,13.466704,9
2025-05-20,SKU-EA-02,9,14.197535,18
2025-05-21,SKU-EA-02,29,12.795,29
2025-05-22,SKU-EA-02,50,15.905349,60
2025-05-23,SKU-EA-02,9,20.942102,37
2025-05-24,SKU-EA-02,35,22.791695,56
2025-05-25,SKU-EA-02,14,19.86875,27
2025-05-26,SKU-EA-02,26,13.33867,9
2025-05-27,SKU-EA-02,12,14.4249115,18
2025-05-28,SKU-EA-02,48,15.818957,29
2025-05-29,SKU-EA-02,13,15.533489,60
2025-05-30,SKU-EA-02,5,17.284449,37
2025-05-31,SKU-EA-02,9,20.865576,56
2025-06-01,SKU-EA-02,45,23.440775,27
2025-06-02,SKU-EA-02,6,14.242364,9
2025-06-03,SKU-EA-02,16,15.081724,18
2025-06-04,SKU-EA-02,34,35.961502,29
2025-06-05,SKU-EA-02,3,11.050635,60
2025-06-06,SKU-EA-02,37,16.531502,37
2025-06-07,SKU-EA-02,20,19.981224,56
2025-06-08,SKU-EA-02,63,41.718018,27
2025-06-09,SKU-EA-02,10,10.484984,9
2025-06-10,SKU-EA-02,24,11.511847,18
2025-06-11,SKU-EA-02,51,11.8008175,29
2025-06-12,SKU-EA-02,48,12.005071,60
2025-06-13,SKU-EA-02,49,17.65329,37
2025-06-14,SKU-EA-02,28,23.150629,56
2025-06-15,SKU-EA-02,48,20.768202,27
2025-06-16,SKU-EA-02,21,13.73986,9
2025-06-17,SKU-EA-02,9,15.136551,18
2025-06-18,SKU-EA-02,22,17.209883,29
2025-06-19,SKU-EA-02,6,18.749226,60
2025-06-20,SKU-EA-02,21,19.58707,37
2025-06-21,SKU-EA-02,90,24.909521,56
2025-06-22,SKU-EA-02,41,21.525185,27
2025-06-23,SKU-EA-02,55,15.248744,9
2025-06-24,SKU-EA-02,4,15.750415,18
2025-06-25,SKU-EA-02,11,15.091807,29
2025-06-26,SKU-EA-02,18,17.63192,60
2025-06-27,SKU-EA-02,41,19.372732,37
2025-06-28,SKU-EA-02,19,20.946701,56
2025-06-29,SKU-EA-02,26,21.770494,27
2025-06-30,SKU-EA-02,4,14.365299,9
2025-07-01,SKU-EA-02,2,16.093266,18
2025-05-07,SKU-EA-03,23,22.337698,19
2025-05-08,SKU-EA-03,46,25.992329,11
2025-05-09,SKU-EA-03,39,29.9022,36
2025-05-10,SKU-EA-03,21,37.245014,53
2025-05-11,SKU-EA-03,61,39.330627,151
2025-05-12,SKU-EA-03,32,19.747879,23
2025-05-13,SKU-EA-03,13,22.500137,18
2025-05-14,SKU-EA-03,50,20.680864,19
2025-05-15,SKU-EA-03,67,24.009146,11
2025-05-16,SKU-EA-03,64,28.571873,36
2025-05-17,SKU-EA-03,24,39.3408,53
2025-05-18,SKU-EA-03,22,34.79178,151
2025-05-19,SKU-EA-03,74,19.503298,23
2025-05-20,SKU-EA-03,28,17.340675,18
2025-05-21,SKU-EA-03,18,18.18319,19
2025-05-22,SKU-EA-03,38,21.150917,11
2025-05-23,SKU-EA-03,31,28.478636,36
2025-05-24,SKU-EA-03,46,35.85305,53
2025-05-25,SKU-EA-03,40,34.318996,151
2025-05-26,SKU-EA-03,24,17.951117,23
2025-05-27,SKU-EA-03,11,18.705126,18
2025-05-28,SKU-EA-03,7,18.42864,19
2025-05-29,SKU-EA-03,20,20.955656,11
2025-05-30,SKU-EA-03,17,26.13073,36
2025-05-31,SKU-EA-03,32,33.752552,53
2025-06-01,SKU-EA-03,92,32.538654,151
2025-06-02,SKU-EA-03,16,15.567116,23
2025-06-03,SKU-EA-03,16,14.775775,18
2025-06-04,SKU-EA-03,27,16.57491,19
2025-06-05,SKU-EA-03,33,18.1274,11
2025-06-06,SKU-EA-03,10,21.71782,36
2025-06-07,SKU-EA-03,22,27.745382,53
2025-06-08,SKU-EA-03,38,26.251974,151
2025-06-09,SKU-EA-03,34,17.437872,23
2025-06-10,SKU-EA-03,24,19.86568,18
2025-06-11,SKU-EA-03,35,18.923424,19
2025-06-12,SKU-EA-03,13,19.038963,11
2025-06-13,SKU-EA-03,111,48.11703,36
2025-06-14,SKU-EA-03,24,29.335386,53
2025-06-15,SKU-EA-03,24,30.724346,151
2025-06-16,SKU-EA-03,13,18.425755,23
2025-06-17,SKU-EA-03,20,17.58719,18
2025-06-18,SKU-EA-03,21,16.604616,19
2025-06-19,SKU-EA-03,12,19.243532,11
2025-06-20,SKU-EA-03,21,21.025156,36
2025-06-21,SKU-EA-03,15,30.95712,53
2025-06-22,SKU-EA-03,45,31.367844,151
2025-06-23,SKU-EA-03,25,17.816952,23
2025-06-24,SKU-EA-03,16,18.63068,18
2025-06-25,SKU-EA-03,50,18.038729,19
2025-06-26,SKU-EA-03,34,18.908842,11
2025-06-27,SKU-EA-03,30,23.834677,36
2025-06-28,SKU-EA-03,37,31.062172,53
2025-06-29,SKU-EA-03,37,27.426687,151
2025-06-30,SKU-EA-03,21,18.684639,23
2025-07-01,SKU-EA-03,35,18.501974,18
2025-05-07,SKU-EA-04,5,28.179642,41
2025-05-08,SKU-EA-04,20,31.103912,38
2025-05-09,SKU-EA-04,94,37.54534,50
2025-05-10,SKU-EA-04,19,43.350418,51
2025-05-11,SKU-EA-04,29,46.615223,128
2025-05-12,SKU-EA-04,36,23.102041,15
2025-05-13,SKU-EA-04,33,27.19072,13
2025-05-14,SKU-EA-04,39,27.06783,41
2025-05-15,SKU-EA-04,129,50.16272,38
2025-05-16,SKU-EA-04,52,31.206259,50
2025-05-17,SKU-EA-04,70,40.14773,51
2025-05-18,SKU-EA-04,45,36.5482,128
2025-05-19,SKU-EA-04,32,18.436428,15
2025-05-20,SKU-EA-04,35,26.253052,13
2025-05-21,SKU-EA-04,25,26.370691,41
2025-05-22,SKU-EA-04,25,26.056652,38
2025-05-23,SKU-EA-04,29,29.265629,50
2025-05-24,SKU-EA-04,10,39.73544,51
2025-05-25,SKU-EA-04,77,34.264866,128
2025-05-26,SKU-EA-04,16,17.625776,15
2025-05-27,SKU-EA-04,6,18.261374,13
2025-05-28,SKU-EA-04,28,25.397861,41
2025-05-29,SKU-EA-04,53,27.710253,38
2025-05-30,SKU-EA-04,31,32.465466,50
2025-05-31,SKU-EA-04,44,34.90151,51
2025-06-01,SKU-EA-04,25,65.882935,128
2025-06-02,SKU-EA-04,11,19.924889,15
2025-06-03,SKU-EA-04,13,22.099941,13
2025-06-04,SKU-EA-04,7,22.058844,41
2025-06-05,SKU-EA-04,26,25.316145,38
2025-06-06,SKU-EA-04,19,30.661638,50
2025-06-07,SKU-EA-04,30,34.07617,51
2025-06-08,SKU-EA-04,32,30.985363,128
2025-06-09,SKU-EA-04,35,35.948807,15
2025-06-10,SKU-EA-04,16,18.97182,13
2025-06-11,SKU-EA-04,77,19.217709,41
2025-06-12,SKU-EA-04,65,55.914608,38
2025-06-13,SKU-EA-04,9,30.416054,50
2025-06-14,SKU-EA-04,104,32.729015,51
2025-06-15,SKU-EA-04,12,30.94408,128
2025-06-16,SKU-EA-04,60,16.393847,15
2025-06-17,SKU-EA-04,46,19.476904,13
2025-06-18,SKU-EA-04,31,21.167686,41
2025-06-19,SKU-EA-04,50,22.058596,38
2025-06-20,SKU-EA-04,23,31.457642,50
2025-06-21,SKU-EA-04,180,37.936478,51
2025-06-22,SKU-EA-04,80,36.88839,128
2025-06-23,SKU-EA-04,16,22.536427,15
2025-06-24,SKU-EA-04,106,46.173252,13
2025-06-25,SKU-EA-04,23,21.754948,41
2025-06-26,SKU-EA-04,29,24.451422,38
2025-06-27,SKU-EA-04,40,31.700512,50
2025-06-28,SKU-EA-04,102,35.586506,51
2025-06-29,SKU-EA-04,100,35.061172,128
2025-06-30,SKU-EA-04,20,18.907328,15
2025-07-01,SKU-EA-04,26,19.712757,13
2025-05-07,SKU-EA-05,34,15.832697,12
2025-05-08,SKU-EA-05,22,18.924137,34
2025-05-09,SKU-EA-05,39,23.777473,19
2025-05-10,SKU-EA-05,12,28.42553,40
2025-05-11,SKU-EA-05,24,25.757523,58
2025-05-12,SKU-EA-05,15,18.101387,29
2025-05-13,SKU-EA-05,9,44.087948,8
2025-05-14,SKU-EA-05,11,17.936071,12
2025-05-15,SKU-EA-05,6,17.971329,34
2025-05-16,SKU-EA-05,13,23.40899,19
2025-05-17,SKU-EA-05,87,26.643234,40
2025-05-18,SKU-EA-05,26,26.014708,58
2025-05-19,SKU-EA-05,37,17.987392,29
2025-05-20,SKU-EA-05,19,20.883005,8
2025-05-21,SKU-EA-05,10,15.163173,12
2025-05-22,SKU-EA-05,13,19.793987,34
2025-05-23,SKU-EA-05,15,24.232052,19
2025-05-24,SKU-EA-05,17,21.467833,40
2025-05-25,SKU-EA-05,32,22.26795,58
2025-05-26,SKU-EA-05,27,17.490822,29
2025-05-27,SKU-EA-05,4,16.95998,8
2025-05-28,SKU-EA-05,46,13.768493,12
2025-05-29,SKU-EA-05,194,29.965782,34
2025-05-30,SKU-EA-05,2,17.393715,19
2025-05-31,SKU-EA-05,23,20.711426,40
2025-06-01,SKU-EA-05,14,18.20939,58
2025-06-02,SKU-EA-05,16,12.76103,29
2025-06-03,SKU-EA-05,23,14.694962,8
2025-06-04,SKU-EA-05,47,12.457437,12
2025-06-05,SKU-EA-05,33,13.528714,34
2025-06-06,SKU-EA-05,14,18.296564,19
2025-06-07,SKU-EA-05,35,19.077843,40
2025-06-08,SKU-EA-05,38,18.415327,58
2025-06-09,SKU-EA-05,23,14.19088,29
2025-06-10,SKU-EA-05,7,14.962268,8
2025-06-11,SKU-EA-05,11,12.314134,12
2025-06-12,SKU-EA-05,34,15.673225,34
2025-06-13,SKU-EA-05,19,16.016966,19
2025-06-14,SKU-EA-05,28,33.068356,40
2025-06-15,SKU-EA-05,35,15.98139,58
2025-06-16,SKU-EA-05,48,12.479253,29
2025-06-17,SKU-EA-05,32,12.055018,8
2025-06-18,SKU-EA-05,23,11.927489,12
2025-06-19,SKU-EA-05,29,12.155764,34
2025-06-20,SKU-EA-05,19,14.303203,19
2025-06-21,SKU-EA-05,47,16.494528,40
2025-06-22,SKU-EA-05,7,15.196224,58
2025-06-23,SKU-EA-05,14,9.639231,29
2025-06-24,SKU-EA-05,18,12.026818,8
2025-06-25,SKU-EA-05,29,14.213801,12
2025-06-26,SKU-EA-05,30,9.517356,34
2025-06-27,SKU-EA-05,27,15.287969,19
2025-06-28,SKU-EA-05,42,18.257706,40
2025-06-29,SKU-EA-05,33,31.356764,58
2025-06-30,SKU-EA-05,46,13.247904,29
2025-07-01,SKU-EA-05,57,12.939829,8
2025-05-07,SKU-H-01,23,16.912119,23
2025-05-08,SKU-H-01,14,14.757712,17
2025-05-09,SKU-H-01,21,13.684477,20
2025-05-10,SKU-H-01,5,10.407183,12
2025-05-11,SKU-H-01,18,9.240615,8
2025-05-12,SKU-H-01,22,18.469723,14
2025-05-13,SKU-H-01,11,16.89641,19
2025-05-14,SKU-H-01,14,17.838274,23
2025-05-15,SKU-H-01,26,15.771687,17
2025-05-16,SKU-H-01,29,14.814755,20
2025-05-17,SKU-H-01,21,10.042801,12
2025-05-18,SKU-H-01,11,8.302049,8
2025-05-19,SKU-H-01,15,17.60565,14
2025-05-20,SKU-H-01,29,17.631165,19
2025-05-21,SKU-H-01,23,16.425331,23
2025-05-22,SKU-H-01,29,14.888752,17
2025-05-23,SKU-H-01,28,12.745936,20
2025-05-24,SKU-H-01,14,11.325794,12
2025-05-25,SKU-H-01,2,9.0005865,8
2025-05-26,SKU-H-01,15,17.208614,14
2025-05-27,SKU-H-01,15,17.450756,19
2025-05-28,SKU-H-01,13,33.5366,23
2025-05-29,SKU-H-01,20,14.223156,17
2025-05-30,SKU-H-01,8,12.467223,20
2025-05-31,SKU-H-01,9,11.112716,12
2025-06-01,SKU-H-01,11,8.660001,8
2025-06-02,SKU-H-01,28,20.706778,14
2025-06-03,SKU-H-01,6,17.868723,19
2025-06-04,SKU-H-01,34,19.49935,23
2025-06-05,SKU-H-01,19,13.523862,17
2025-06-06,SKU-H-01,16,13.452408,20
2025-06-07,SKU-H-01,19,9.40548,12
2025-06-08,SKU-H-01,9,8.506119,8
2025-06-09,SKU-H-01,16,20.198023,14
2025-06-10,SKU-H-01,22,20.850597,19
2025-06-11,SKU-H-01,27,16.237741,23
2025-06-12,SKU-H-01,17,13.586495,17
2025-06-13,SKU-H-01,14,12.925589,20
2025-06-14,SKU-H-01,12,10.154285,12
2025-06-15,SKU-H-01,11,8.145696,8
2025-06-16,SKU-H-01,13,21.737625,14
2025-06-17,SKU-H-01,10,20.899445,19
2025-06-18,SKU-H-01,35,20.681599,23
2025-06-19,SKU-H-01,7,14.861988,17
2025-06-20,SKU-H-01,35,14.440601,20
2025-06-21,SKU-H-01,6,11.415497,12
2025-06-22,SKU-H-01,4,9.463864,8
2025-06-23,SKU-H-01,34,21.442509,14
2025-06-24,SKU-H-01,30,22.038319,19
2025-06-25,SKU-H-01,16,18.141642,23
2025-06-26,SKU-H-01,10,13.330399,17
2025-06-27,SKU-H-01,22,13.5792885,20
2025-06-28,SKU-H-01,13,9.893406,12
2025-06-29,SKU-H-01,9,8.71908,8
2025-06-30,SKU-H-01,20,19.110233,14
2025-07-01,SKU-H-01,61,45.46326,19
2025-05-07,SKU-H-02,51,40.104244,44
2025-05-08,SKU-H-02,24,40.212177,62
2025-05-09,SKU-H-02,54,36.26983,55
2025-05-10,SKU-H-02,22,21.311586,15
2025-05-11,SKU-H-02,10,24.3929,25
2025-05-12,SKU-H-02,17,38.067543,45
2025-05-13,SKU-H-02,65,39.169724,54
2025-05-14,SKU-H-02,62,39.319435,44
2025-05-15,SKU-H-02,17,40.386215,62
2025-05-16,SKU-H-02,50,36.182068,55
2025-05-17,SKU-H-02,43,21.12485,15
2025-05-18,SKU-H-02,16,24.247656,25
2025-05-19,SKU-H-02,37,39.35527,45
2025-05-20,SKU-H-02,38,39.884502,54
2025-05-21,SKU-H-02,55,40.23505,44
2025-05-22,SKU-H-02,33,40.317093,62
2025-05-23,SKU-H-02,22,35.84509,55
2025-05-24,SKU-H-02,25,20.407646,15
2025-05-25,SKU-H-02,10,20.182932,25
2025-05-26,SKU-H-02,30,40.41938,45
2025-05-27,SKU-H-02,30,39.75854,54
2025-05-28,SKU-H-02,42,40.95889,44
2025-05-29,SKU-H-02,25,42.004093,62
2025-05-30,SKU-H-02,32,33.63656,55
2025-05-31,SKU-H-02,25,20.428501,15
2025-06-01,SKU-H-02,12,18.726547,25
2025-06-02,SKU-H-02,34,35.18426,45
2025-06-03,SKU-H-02,41,33.341156,54
2025-06-04,SKU-H-02,17,32.470325,44
2025-06-05,SKU-H-02,57,31.163326,62
2025-06-06,SKU-H-02,56,29.84094,55
2025-06-07,SKU-H-02,33,19.404154,15
2025-06-08,SKU-H-02,15,17.613874,25
2025-06-09,SKU-H-02,45,33.364147,45
2025-06-10,SKU-H-02,56,31.811573,54
2025-06-11,SKU-H-02,28,33.08345,44
2025-06-12,SKU-H-02,26,32.71194,62
2025-06-13,SKU-H-02,34,30.12607,55
2025-06-14,SKU-H-02,23,19.271135,15
2025-06-15,SKU-H-02,15,17.046852,25
2025-06-16,SKU-H-02,61,31.130981,45
2025-06-17,SKU-H-02,45,31.623123,54
2025-06-18,SKU-H-02,39,32.69898,44
2025-06-19,SKU-H-02,186,64.31745,62
2025-06-20,SKU-H-02,41,31.832014,55
2025-06-21,SKU-H-02,25,19.659615,15
2025-06-22,SKU-H-02,23,17.566729,25
2025-06-23,SKU-H-02,41,33.131866,45
2025-06-24,SKU-H-02,52,33.26191,54
2025-06-25,SKU-H-02,30,31.854275,44
2025-06-26,SKU-H-02,21,29.691229,62
2025-06-27,SKU-H-02,46,29.143358,55
2025-06-28,SKU-H-02,17,17.191877,15
2025-06-29,SKU-H-02,25,17.125776,25
2025-06-30,SKU-H-02,27,32.925503,45
2025-07-01,SKU-H-02,64,31.00254,54
2025-05-07,SKU-H-03,10,25.809132,35
2025-05-08,SKU-H-03,26,25.23007,40
2025-05-09,SKU-H-03,18,24.582403,24
2025-05-10,SKU-H-03,10,17.881346,13
2025-05-11,SKU-H-03,19,17.943125,102
2025-05-12,SKU-H-03,30,24.028114,33
2025-05-13,SKU-H-03,37,27.025723,29
2025-05-14,SKU-H-03,32,27.91219,35
2025-05-15,SKU-H-03,38,28.274061,40
2025-05-16,SKU-H-03,15,25.728844,24
2025-05-17,SKU-H-03,28,18.963398,13
2025-05-18,SKU-H-03,18,17.428022,102
2025-05-19,SKU-H-03,11,26.354977,33
2025-05-20,SKU-H-03,41,31.265108,29
2025-05-21,SKU-H-03,25,28.01657,35
2025-05-22,SKU-H-03,9,27.54365,40
2025-05-23,SKU-H-03,26,25.787695,24
2025-05-24,SKU-H-03,45,39.141922,13
2025-05-25,SKU-H-03,26,15.68708,102
2025-05-26,SKU-H-03,15,28.632647,33
2025-05-27,SKU-H-03,37,28.328201,29
2025-05-28,SKU-H-03,13,27.086948,35
2025-05-29,SKU-H-03,41,27.789003,40
2025-05-30,SKU-H-03,24,25.199083,24
2025-05-31,SKU-H-03,57,45.723827,13
2025-06-01,SKU-H-03,3,11.832001,102
2025-06-02,SKU-H-03,41,22.265736,33
2025-06-03,SKU-H-03,54,23.554708,29
2025-06-04,SKU-H-03,11,23.624697,35
2025-06-05,SKU-H-03,17,22.874382,40
2025-06-06,SKU-H-03,20,21.220564,24
2025-06-07,SKU-H-03,20,15.411745,13
2025-06-08,SKU-H-03,17,11.558526,102
2025-06-09,SKU-H-03,25,27.077085,33
2025-06-10,SKU-H-03,13,26.583048,29
2025-06-11,SKU-H-03,34,27.054455,35
2025-06-12,SKU-H-03,55,26.05376,40
2025-06-13,SKU-H-03,20,23.810247,24
2025-06-14,SKU-H-03,15,19.47626,13
2025-06-15,SKU-H-03,18,12.089536,102
2025-06-16,SKU-H-03,11,27.111158,33
2025-06-17,SKU-H-03,27,27.438347,29
2025-06-18,SKU-H-03,39,61.93514,35
2025-06-19,SKU-H-03,23,25.19902,40
2025-06-20,SKU-H-03,31,22.968246,24
2025-06-21,SKU-H-03,17,16.638287,13
2025-06-22,SKU-H-03,13,14.119211,102
2025-06-23,SKU-H-03,58,52.224014,33
2025-06-24,SKU-H-03,29,26.530579,29
2025-06-25,SKU-H-03,32,25.835714,35
2025-06-26,SKU-H-03,25,25.848719,40
2025-06-27,SKU-H-03,27,23.05324,24
2025-06-28,SKU-H-03,12,17.3722,13
2025-06-29,SKU-H-03,7,15.456499,102
2025-06-30,SKU-H-03,80,56.07724,33
2025-07-01,SKU-H-03,70,26.376017,29
2025-05-07,SKU-H-04,88,58.669468,87
2025-05-08,SKU-H-04,61,68.37617,84
2025-05-09,SKU-H-04,59,61.464073,126
2025-05-10,SKU-H-04,52,36.136044,40
2025-05-11,SKU-H-04,35,34.42677,23
2025-05-12,SKU-H-04,85,61.663536,66
2025-05-13,SKU-H-04,81,61.568768,100
2025-05-14,SKU-H-04,64,63.87275,87
2025-05-15,SKU-H-04,60,66.21704,84
2025-05-16,SKU-H-04,100,64.57829,126
2025-05-17,SKU-H-04,50,38.71832,40
2025-05-18,SKU-H-04,18,35.536392,23
2025-05-19,SKU-H-04,65,62.885418,66
2025-05-20,SKU-H-04,71,66.02018,100
2025-05-21,SKU-H-04,98,66.04488,87
2025-05-22,SKU-H-04,78,66.16318,84
2025-05-23,SKU-H-04,89,60.968254,126
2025-05-24,SKU-H-04,85,37.482735,40
2025-05-25,SKU-H-04,28,36.183895,23
2025-05-26,SKU-H-04,81,65.585754,66
2025-05-27,SKU-H-04,55,66.89787,100
2025-05-28,SKU-H-04,95,64.58376,87
2025-05-29,SKU-H-04,102,67.230804,84
2025-05-30,SKU-H-04,53,60.21503,126
2025-05-31,SKU-H-04,52,36.82082,40
2025-06-01,SKU-H-04,61,32.671432,23
2025-06-02,SKU-H-04,69,62.006332,66
2025-06-03,SKU-H-04,78,61.25269,100
2025-06-04,SKU-H-04,62,62.069603,87
2025-06-05,SKU-H-04,60,64.7468,84
2025-06-06,SKU-H-04,78,113.657845,126
2025-06-07,SKU-H-04,31,36.277756,40
2025-06-08,SKU-H-04,26,34.12218,23
2025-06-09,SKU-H-04,48,62.516483,66
2025-06-10,SKU-H-04,86,65.066505,100
2025-06-11,SKU-H-04,73,65.03611,87
2025-06-12,SKU-H-04,63,66.54692,84
2025-06-13,SKU-H-04,90,60.608215,126
2025-06-14,SKU-H-04,62,36.542835,40
2025-06-15,SKU-H-04,38,34.03182,23
2025-06-16,SKU-H-04,71,63.781128,66
2025-06-17,SKU-H-04,66,64.90971,100
2025-06-18,SKU-H-04,65,64.26192,87
2025-06-19,SKU-H-04,84,66.22358,84
2025-06-20,SKU-H-04,59,65.27782,126
2025-06-21,SKU-H-04,49,36.13392,40
2025-06-22,SKU-H-04,31,33.99091,23
2025-06-23,SKU-H-04,43,62.853622,66
2025-06-24,SKU-H-04,120,62.96272,100
2025-06-25,SKU-H-04,44,62.78728,87
2025-06-26,SKU-H-04,90,64.41224,84
2025-06-27,SKU-H-04,24,62.255615,126
2025-06-28,SKU-H-04,27,36.022762,40
2025-06-29,SKU-H-04,26,33.664165,23
2025-06-30,SKU-H-04,72,61.729485,66
2025-07-01,SKU-H-04,80,64.86548,100
2025-05-07,SKU-H-05,31,38.308353,43
2025-05-08,SKU-H-05,58,40.72202,42
2025-05-09,SKU-H-05,39,38.310966,43
2025-05-10,SKU-H-05,37,29.562487,21
2025-05-11,SKU-H-05,19,21.080873,5
2025-05-12,SKU-H-05,39,38.830864,33
2025-05-13,SKU-H-05,32,39.363167,23
2025-05-14,SKU-H-05,40,38.75454,43
2025-05-15,SKU-H-05,53,39.504456,42
2025-05-16,SKU-H-05,57,37.028156,43
2025-05-17,SKU-H-05,20,26.796343,21
2025-05-18,SKU-H-05,34,18.75651,5
2025-05-19,SKU-H-05,39,37.89387,33
2025-05-20,SKU-H-05,74,36.46574,23
2025-05-21,SKU-H-05,28,38.98324,43
2025-05-22,SKU-H-05,40,38.68222,42
2025-05-23,SKU-H-05,32,37.48369,43
2025-05-24,SKU-H-05,32,25.58775,21
2025-05-25,SKU-H-05,31,19.314674,5
2025-05-26,SKU-H-05,58,40.807625,33
2025-05-27,SKU-H-05,42,40.985218,23
2025-05-28,SKU-H-05,30,32.593555,43
2025-05-29,SKU-H-05,66,32.469814,42
2025-05-30,SKU-H-05,28,30.429321,43
2025-05-31,SKU-H-05,33,23.429384,21
2025-06-01,SKU-H-05,31,19.487524,5
2025-06-02,SKU-H-05,38,28.843277,33
2025-06-03,SKU-H-05,50,30.217499,23
2025-06-04,SKU-H-05,35,33.873035,43
2025-06-05,SKU-H-05,21,30.806898,42
2025-06-06,SKU-H-05,38,31.2857,43
2025-06-07,SKU-H-05,19,19.962873,21
2025-06-08,SKU-H-05,27,17.351011,5
2025-06-09,SKU-H-05,74,61.95837,33
2025-06-10,SKU-H-05,34,33.110138,23
2025-06-11,SKU-H-05,57,32.345497,43
2025-06-12,SKU-H-05,34,32.967808,42
2025-06-13,SKU-H-05,28,30.046766,43
2025-06-14,SKU-H-05,22,21.4377,21
2025-06-15,SKU-H-05,30,18.562965,5
2025-06-16,SKU-H-05,59,35.322056,33
2025-06-17,SKU-H-05,61,32.465466,23
2025-06-18,SKU-H-05,30,30.50822,43
2025-06-19,SKU-H-05,36,29.831661,42
2025-06-20,SKU-H-05,33,30.63651,43
2025-06-21,SKU-H-05,30,20.73768,21
2025-06-22,SKU-H-05,78,37.941174,5
2025-06-23,SKU-H-05,53,30.468784,33
2025-06-24,SKU-H-05,65,32.900036,23
2025-06-25,SKU-H-05,33,33.4423,43
2025-06-26,SKU-H-05,44,31.902021,42
2025-06-27,SKU-H-05,26,28.9058,43
2025-06-28,SKU-H-05,23,21.263401,21
2025-06-29,SKU-H-05,39,18.39422,5
2025-06-30,SKU-H-05,58,35.039593,33
2025-07-01,SKU-H-05,52,33.05489,23
2025-05-07,SKU-PC-01,21,33.798306,30
2025-05-08,SKU-PC-01,26,33.554157,49
2025-05-09,SKU-PC-01,67,33.766335,21
2025-05-10,SKU-PC-01,38,32.93667,39
2025-05-11,SKU-PC-01,121,50.228706,41
2025-05-12,SKU-PC-01,14,32.180107,23
2025-05-13,SKU-PC-01,38,34.211777,43
2025-05-14,SKU-PC-01,40,31.944487,30
2025-05-15,SKU-PC-01,17,34.52249,49
2025-05-16,SKU-PC-01,57,80.339485,21
2025-05-17,SKU-PC-01,31,32.474133,39
2025-05-18,SKU-PC-01,36,30.109482,41
2025-05-19,SKU-PC-01,48,34.99789,23
2025-05-20,SKU-PC-01,37,34.287506,43
2025-05-21,SKU-PC-01,51,35.543476,30
2025-05-22,SKU-PC-01,28,35.573196,49
2025-05-23,SKU-PC-01,35,34.850582,21
2025-05-24,SKU-PC-01,33,33.815655,39
2025-05-25,SKU-PC-01,37,32.01672,41
2025-05-26,SKU-PC-01,30,35.73555,23
2025-05-27,SKU-PC-01,7,38.05813,43
2025-05-28,SKU-PC-01,22,31.991655,30
2025-05-29,SKU-PC-01,36,32.117435,49
2025-05-30,SKU-PC-01,11,31.16095,21
2025-05-31,SKU-PC-01,29,30.346443,39
2025-06-01,SKU-PC-01,41,26.55981,41
2025-06-02,SKU-PC-01,59,31.31014,23
2025-06-03,SKU-PC-01,45,30.690783,43
2025-06-04,SKU-PC-01,58,65.37007,30
2025-06-05,SKU-PC-01,29,36.15354,49
2025-06-06,SKU-PC-01,12,33.878925,21
2025-06-07,SKU-PC-01,42,35.737015,39
2025-06-08,SKU-PC-01,22,34.501945,41
2025-06-09,SKU-PC-01,31,33.075405,23
2025-06-10,SKU-PC-01,25,32.11963,43
2025-06-11,SKU-PC-01,88,84.18015,30
2025-06-12,SKU-PC-01,29,33.563873,49
2025-06-13,SKU-PC-01,36,33.78134,21
2025-06-14,SKU-PC-01,32,37.764183,39
2025-06-15,SKU-PC-01,43,32.75258,41
2025-06-16,SKU-PC-01,43,35.721794,23
2025-06-17,SKU-PC-01,34,35.409756,43
2025-06-18,SKU-PC-01,15,33.985764,30
2025-06-19,SKU-PC-01,39,35.243267,49
2025-06-20,SKU-PC-01,27,38.10464,21
2025-06-21,SKU-PC-01,71,35.21495,39
2025-06-22,SKU-PC-01,41,31.124357,41
2025-06-23,SKU-PC-01,8,37.747948,23
2025-06-24,SKU-PC-01,27,36.599026,43
2025-06-25,SKU-PC-01,35,32.786327,30
2025-06-26,SKU-PC-01,29,36.663967,49
2025-06-27,SKU-PC-01,32,37.789726,21
2025-06-28,SKU-PC-01,18,34.46236,39
2025-06-29,SKU-PC-01,47,32.080605,41
2025-06-30,SKU-PC-01,31,36.716434,23
2025-07-01,SKU-PC-01,40,35.341286,43
2025-05-07,SKU-PC-02,17,11.931607,8
2025-05-08,SKU-PC-02,24,12.912569,20
2025-05-09,SKU-PC-02,10,13.368086,8
2025-05-10,SKU-PC-02,16,12.689823,18
2025-05-11,SKU-PC-02,17,13.021864,18
2025-05-12,SKU-PC-02,9,12.631771,12
2025-05-13,SKU-PC-02,18,13.028157,11
2025-05-14,SKU-PC-02,14,12.800899,8
2025-05-15,SKU-PC-02,13,13.360216,20
2025-05-16,SKU-PC-02,18,12.777993,8
2025-05-17,SKU-PC-02,19,14.2796,18
2025-05-18,SKU-PC-02,16,13.78607,18
2025-05-19,SKU-PC-02,13,12.3588085,12
2025-05-20,SKU-PC-02,18,10.855054,11
2025-05-21,SKU-PC-02,8,10.131648,8
2025-05-22,SKU-PC-02,19,10.356513,20
2025-05-23,SKU-PC-02,9,10.942506,8
2025-05-24,SKU-PC-02,22,11.565553,18
2025-05-25,SKU-PC-02,11,12.548713,18
2025-05-26,SKU-PC-02,12,11.461906,12
2025-05-27,SKU-PC-02,7,11.949484,11
2025-05-28,SKU-PC-02,9,12.220505,8
2025-05-29,SKU-PC-02,9,10.855158,20
2025-05-30,SKU-PC-02,10,13.107456,8
2025-05-31,SKU-PC-02,11,10.556358,18
2025-06-01,SKU-PC-02,17,11.483126,18
2025-06-02,SKU-PC-02,6,12.597876,12
2025-06-03,SKU-PC-02,7,12.011699,11
2025-06-04,SKU-PC-02,13,11.706214,8
2025-06-05,SKU-PC-02,5,11.842217,20
2025-06-06,SKU-PC-02,6,11.5541315,8
2025-06-07,SKU-PC-02,16,11.838917,18
2025-06-08,SKU-PC-02,10,12.537147,18
2025-06-09,SKU-PC-02,16,11.959975,12
2025-06-10,SKU-PC-02,3,10.498723,11
2025-06-11,SKU-PC-02,5,10.981247,8
2025-06-12,SKU-PC-02,7,10.695735,20
2025-06-13,SKU-PC-02,17,12.105865,8
2025-06-14,SKU-PC-02,12,11.696439,18
2025-06-15,SKU-PC-02,9,12.764358,18
2025-06-16,SKU-PC-02,9,13.048932,12
2025-06-17,SKU-PC-02,12,12.743292,11
2025-06-18,SKU-PC-02,18,12.536524,8
2025-06-19,SKU-PC-02,7,11.236732,20
2025-06-20,SKU-PC-02,11,12.171616,8
2025-06-21,SKU-PC-02,23,10.54572,18
2025-06-22,SKU-PC-02,20,13.128143,18
2025-06-23,SKU-PC-02,19,12.064166,12
2025-06-24,SKU-PC-02,42,28.771849,11
2025-06-25,SKU-PC-02,18,12.382471,8
2025-06-26,SKU-PC-02,20,12.317697,20
2025-06-27,SKU-PC-02,8,12.072211,8
2025-06-28,SKU-PC-02,5,13.321494,18
2025-06-29,SKU-PC-02,8,13.387532,18
2025-06-30,SKU-PC-02,19,12.288998,12
2025-07-01,SKU-PC-02,32,11.81481,11
2025-05-07,SKU-PC-03,24,31.274317,22
2025-05-08,SKU-PC-03,45,29.537998,25
2025-05-09,SKU-PC-03,18,29.059484,27
2025-05-10,SKU-PC-03,44,29.262707,33
2025-05-11,SKU-PC-03,41,30.25779,11
2025-05-12,SKU-PC-03,34,30.284756,44
2025-05-13,SKU-PC-03,17,28.07128,60
2025-05-14,SKU-PC-03,45,28.535866,22
2025-05-15,SKU-PC-03,31,28.078205,25
2025-05-16,SKU-PC-03,19,23.809631,27
2025-05-17,SKU-PC-03,46,22.810995,33
2025-05-18,SKU-PC-03,32,27.22193,11
2025-05-19,SKU-PC-03,20,27.584702,44
2025-05-20,SKU-PC-03,47,28.753498,60
2025-05-21,SKU-PC-03,14,29.145082,22
2025-05-22,SKU-PC-03,62,60.62996,25
2025-05-23,SKU-PC-03,25,30.495287,27
2025-05-24,SKU-PC-03,17,30.590195,33
2025-05-25,SKU-PC-03,18,30.719763,11
2025-05-26,SKU-PC-03,11,29.221869,44
2025-05-27,SKU-PC-03,36,32.04064,60
2025-05-28,SKU-PC-03,39,30.667171,22
2025-05-29,SKU-PC-03,22,30.303,25
2025-05-30,SKU-PC-03,22,25.859726,27
2025-05-31,SKU-PC-03,26,24.259432,33
2025-06-01,SKU-PC-03,18,25.175907,11
2025-06-02,SKU-PC-03,36,28.10792,44
2025-06-03,SKU-PC-03,49,30.060656,60
2025-06-04,SKU-PC-03,22,26.854078,22
2025-06-05,SKU-PC-03,38,24.50664,25
2025-06-06,SKU-PC-03,84,56.37905,27
2025-06-07,SKU-PC-03,47,28.270935,33
2025-06-08,SKU-PC-03,39,28.328936,11
2025-06-09,SKU-PC-03,21,30.27099,44
2025-06-10,SKU-PC-03,36,28.699747,60
2025-06-11,SKU-PC-03,34,29.73789,22
2025-06-12,SKU-PC-03,65,29.5019,25
2025-06-13,SKU-PC-03,20,29.973698,27
2025-06-14,SKU-PC-03,34,26.253735,33
2025-06-15,SKU-PC-03,38,26.574375,11
2025-06-16,SKU-PC-03,24,29.94081,44
2025-06-17,SKU-PC-03,21,29.500648,60
2025-06-18,SKU-PC-03,32,29.421299,22
2025-06-19,SKU-PC-03,46,28.500826,25
2025-06-20,SKU-PC-03,44,23.389654,27
2025-06-21,SKU-PC-03,30,23.93454,33
2025-06-22,SKU-PC-03,6,23.955688,11
2025-06-23,SKU-PC-03,53,26.274107,44
2025-06-24,SKU-PC-03,69,26.67178,60
2025-06-25,SKU-PC-03,38,27.218365,22
2025-06-26,SKU-PC-03,23,26.394762,25
2025-06-27,SKU-PC-03,38,24.89293,27
2025-06-28,SKU-PC-03,31,24.051147,33
2025-06-29,SKU-PC-03,36,23.80571,11
2025-06-30,SKU-PC-03,31,25.85406,44
2025-07-01,SKU-PC-03,32,27.804945,60
2025-05-07,SKU-PC-04,12,24.896627,31
2025-05-08,SKU-PC-04,18,25.111681,17
2025-05-09,SKU-PC-04,31,25.552864,16
2025-05-10,SKU-PC-04,18,21.888445,26
2025-05-11,SKU-PC-04,19,20.517385,22
2025-05-12,SKU-PC-04,13,25.203337,13
2025-05-13,SKU-PC-04,28,23.35173,15
2025-05-14,SKU-PC-04,29,21.66867,31
2025-05-15,SKU-PC-04,21,21.79333,17
2025-05-16,SKU-PC-04,19,21.713797,16
2025-05-17,SKU-PC-04,12,19.327396,26
2025-05-18,SKU-PC-04,10,17.175598,22
2025-05-19,SKU-PC-04,12,18.825386,13
2025-05-20,SKU-PC-04,24,19.277235,15
2025-05-21,SKU-PC-04,47,22.413834,31
2025-05-22,SKU-PC-04,27,20.473711,17
2025-05-23,SKU-PC-04,16,20.09908,16
2025-05-24,SKU-PC-04,20,18.912283,26
2025-05-25,SKU-PC-04,12,18.345758,22
2025-05-26,SKU-PC-04,18,21.23136,13
2025-05-27,SKU-PC-04,18,21.936714,15
2025-05-28,SKU-PC-04,16,21.641891,31
2025-05-29,SKU-PC-04,25,21.220945,17
2025-05-30,SKU-PC-04,22,21.968288,16
2025-05-31,SKU-PC-04,15,17.298954,26
2025-06-01,SKU-PC-04,29,17.79608,22
2025-06-02,SKU-PC-04,31,21.616959,13
2025-06-03,SKU-PC-04,15,22.563557,15
2025-06-04,SKU-PC-04,18,20.619234,31
2025-06-05,SKU-PC-04,23,19.279692,17
2025-06-06,SKU-PC-04,21,18.91153,16
2025-06-07,SKU-PC-04,31,17.68047,26
2025-06-08,SKU-PC-04,60,35.219536,22
2025-06-09,SKU-PC-04,18,19.673058,13
2025-06-10,SKU-PC-04,11,19.268631,15
2025-06-11,SKU-PC-04,12,18.855122,31
2025-06-12,SKU-PC-04,23,17.923502,17
2025-06-13,SKU-PC-04,27,18.02949,16
2025-06-14,SKU-PC-04,25,17.246244,26
2025-06-15,SKU-PC-04,31,18.607134,22
2025-06-16,SKU-PC-04,34,19.511278,13
2025-06-17,SKU-PC-04,14,18.376034,15
2025-06-18,SKU-PC-04,22,17.48849,31
2025-06-19,SKU-PC-04,31,16.286173,17
2025-06-20,SKU-PC-04,24,17.307747,16
2025-06-21,SKU-PC-04,14,19.559784,26
2025-06-22,SKU-PC-04,27,18.235811,22
2025-06-23,SKU-PC-04,24,18.435621,13
2025-06-24,SKU-PC-04,18,18.911282,15
2025-06-25,SKU-PC-04,20,20.080008,31
2025-06-26,SKU-PC-04,29,18.155306,17
2025-06-27,SKU-PC-04,22,18.416956,16
2025-06-28,SKU-PC-04,27,17.936184,26
2025-06-29,SKU-PC-04,20,19.79395,22
2025-06-30,SKU-PC-04,28,17.838512,13
2025-07-01,SKU-PC-04,24,18.727959,15
2025-05-07,SKU-PC-05,29,17.218063,29
2025-05-08,SKU-PC-05,20,18.2013,28
2025-05-09,SKU-PC-05,37,18.526606,16
2025-05-10,SKU-PC-05,26,17.695417,20
2025-05-11,SKU-PC-05,30,37.41153,11
2025-05-12,SKU-PC-05,14,16.36552,13
2025-05-13,SKU-PC-05,20,17.603151,37
2025-05-14,SKU-PC-05,22,17.936844,29
2025-05-15,SKU-PC-05,39,18.233643,28
2025-05-16,SKU-PC-05,122,36.47988,16
2025-05-17,SKU-PC-05,26,20.42046,20
2025-05-18,SKU-PC-05,11,18.366556,11
2025-05-19,SKU-PC-05,14,17.317135,13
2025-05-20,SKU-PC-05,44,38.328217,37
2025-05-21,SKU-PC-05,10,17.324722,29
2025-05-22,SKU-PC-05,27,17.240955,28
2025-05-23,SKU-PC-05,5,16.641672,16
2025-05-24,SKU-PC-05,15,18.485388,20
2025-05-25,SKU-PC-05,38,36.065384,11
2025-05-26,SKU-PC-05,52,16.824858,13
2025-05-27,SKU-PC-05,20,15.634924,37
2025-05-28,SKU-PC-05,24,17.765995,29
2025-05-29,SKU-PC-05,24,17.732141,28
2025-05-30,SKU-PC-05,32,17.738855,16
2025-05-31,SKU-PC-05,16,19.046465,20
2025-06-01,SKU-PC-05,15,16.870491,11
2025-06-02,SKU-PC-05,6,19.916843,13
2025-06-03,SKU-PC-05,8,18.665195,37
2025-06-04,SKU-PC-05,10,19.7703,29
2025-06-05,SKU-PC-05,6,19.163929,28
2025-06-06,SKU-PC-05,40,17.713902,16
2025-06-07,SKU-PC-05,19,17.857134,20
2025-06-08,SKU-PC-05,29,18.860178,11
2025-06-09,SKU-PC-05,14,18.889385,13
2025-06-10,SKU-PC-05,22,17.363104,37
2025-06-11,SKU-PC-05,23,20.3708,29
2025-06-12,SKU-PC-05,33,19.069267,28
2025-06-13,SKU-PC-05,31,18.806469,16
2025-06-14,SKU-PC-05,26,17.12287,20
2025-06-15,SKU-PC-05,8,18.215946,11
2025-06-16,SKU-PC-05,32,18.63173,13
2025-06-17,SKU-PC-05,25,18.539892,37
2025-06-18,SKU-PC-05,13,18.598011,29
2025-06-19,SKU-PC-05,21,18.26764,28
2025-06-20,SKU-PC-05,25,17.946123,16
2025-06-21,SKU-PC-05,31,18.977116,20
2025-06-22,SKU-PC-05,37,37.0363,11
2025-06-23,SKU-PC-05,16,15.916674,13
2025-06-24,SKU-PC-05,29,15.638399,37
2025-06-25,SKU-PC-05,19,16.423748,29
2025-06-26,SKU-PC-05,11,16.289581,28
2025-06-27,SKU-PC-05,18,16.351772,16
2025-06-28,SKU-PC-05,17,15.82231,20
2025-06-29,SKU-PC-05,33,17.118937,11
2025-06-30,SKU-PC-05,27,37.170025,13
2025-07-01,SKU-PC-05,39,16.20158,37
2025-05-07,SKU-S-01,22,24.84479,13
2025-05-08,SKU-S-01,47,30.472836,31
2025-05-09,SKU-S-01,18,34.561863,59
2025-05-10,SKU-S-01,15,42.096325,36
2025-05-11,SKU-S-01,21,37.878983,91
2025-05-12,SKU-S-01,39,27.980913,19
2025-05-13,SKU-S-01,24,24.915304,15
2025-05-14,SKU-S-01,45,24.086943,13
2025-05-15,SKU-S-01,39,53.521988,31
2025-05-16,SKU-S-01,19,33.58139,59
2025-05-17,SKU-S-01,51,39.08641,36
2025-05-18,SKU-S-01,78,36.22821,91
2025-05-19,SKU-S-01,13,27.093538,19
2025-05-20,SKU-S-01,45,63.440353,15
2025-05-21,SKU-S-01,24,59.212353,13
2025-05-22,SKU-S-01,20,29.677109,31
2025-05-23,SKU-S-01,104,93.493095,59
2025-05-24,SKU-S-01,37,45.328617,36
2025-05-25,SKU-S-01,18,35.24407,91
2025-05-26,SKU-S-01,88,55.626637,19
2025-05-27,SKU-S-01,28,25.724733,15
2025-05-28,SKU-S-01,22,26.338943,13
2025-05-29,SKU-S-01,61,32.71261,31
2025-05-30,SKU-S-01,11,35.187675,59
2025-05-31,SKU-S-01,57,41.468933,36
2025-06-01,SKU-S-01,44,39.079205,91
2025-06-02,SKU-S-01,24,24.56427,19
2025-06-03,SKU-S-01,12,28.040335,15
2025-06-04,SKU-S-01,102,61.671635,13
2025-06-05,SKU-S-01,54,31.971533,31
2025-06-06,SKU-S-01,64,37.08195,59
2025-06-07,SKU-S-01,146,97.83092,36
2025-06-08,SKU-S-01,99,37.84846,91
2025-06-09,SKU-S-01,28,28.225887,19
2025-06-10,SKU-S-01,44,26.889284,15
2025-06-11,SKU-S-01,129,70.3155,13
2025-06-12,SKU-S-01,26,30.95367,31
2025-06-13,SKU-S-01,34,36.245045,59
2025-06-14,SKU-S-01,26,39.329983,36
2025-06-15,SKU-S-01,62,38.58912,91
2025-06-16,SKU-S-01,50,25.882122,19
2025-06-17,SKU-S-01,152,70.17848,15
2025-06-18,SKU-S-01,10,27.147226,13
2025-06-19,SKU-S-01,86,30.361902,31
2025-06-20,SKU-S-01,42,34.853905,59
2025-06-21,SKU-S-01,21,44.37664,36
2025-06-22,SKU-S-01,24,40.064644,91
2025-06-23,SKU-S-01,20,28.437584,19
2025-06-24,SKU-S-01,25,26.462236,15
2025-06-25,SKU-S-01,27,30.067818,13
2025-06-26,SKU-S-01,29,29.78689,31
2025-06-27,SKU-S-01,57,35.269405,59
2025-06-28,SKU-S-01,52,39.905014,36
2025-06-29,SKU-S-01,48,35.200554,91
2025-06-30,SKU-S-01,40,25.600494,19
2025-07-01,SKU-S-01,71,64.55791,15
2025-05-07,SKU-S-02,25,42.873577,45
2025-05-08,SKU-S-02,79,43.52033,38
2025-05-09,SKU-S-02,35,59.725765,72
2025-05-10,SKU-S-02,34,62.046814,44
2025-05-11,SKU-S-02,77,76.76008,51
2025-05-12,SKU-S-02,52,45.449715,87
2025-05-13,SKU-S-02,48,45.10209,45
2025-05-14,SKU-S-02,42,44.673855,45
2025-05-15,SKU-S-02,30,43.065563,38
2025-05-16,SKU-S-02,32,128.88632,72
2025-05-17,SKU-S-02,48,59.568447,44
2025-05-18,SKU-S-02,68,70.63976,51
2025-05-19,SKU-S-02,41,45.251694,87
2025-05-20,SKU-S-02,66,41.47263,45
2025-05-21,SKU-S-02,62,42.11874,45
2025-05-22,SKU-S-02,42,45.250614,38
2025-05-23,SKU-S-02,49,58.216297,72
2025-05-24,SKU-S-02,110,66.98713,44
2025-05-25,SKU-S-02,45,63.410614,51
2025-05-26,SKU-S-02,44,40.038258,87
2025-05-27,SKU-S-02,12,39.987938,45
2025-05-28,SKU-S-02,35,40.185204,45
2025-05-29,SKU-S-02,46,43.8873,38
2025-05-30,SKU-S-02,53,57.596188,72
2025-05-31,SKU-S-02,33,59.62109,44
2025-06-01,SKU-S-02,51,63.50356,51
2025-06-02,SKU-S-02,29,40.213985,87
2025-06-03,SKU-S-02,50,37.952343,45
2025-06-04,SKU-S-02,45,40.221287,45
2025-06-05,SKU-S-02,29,44.39537,38
2025-06-06,SKU-S-02,15,59.203537,72
2025-06-07,SKU-S-02,54,63.39836,44
2025-06-08,SKU-S-02,91,64.24256,51
2025-06-09,SKU-S-02,59,93.8642,87
2025-06-10,SKU-S-02,15,37.668846,45
2025-06-11,SKU-S-02,56,38.378498,45
2025-06-12,SKU-S-02,36,41.71589,38
2025-06-13,SKU-S-02,37,53.88709,72
2025-06-14,SKU-S-02,142,59.39382,44
2025-06-15,SKU-S-02,45,52.27269,51
2025-06-16,SKU-S-02,18,40.160976,87
2025-06-17,SKU-S-02,76,38.514385,45
2025-06-18,SKU-S-02,52,39.29856,45
2025-06-19,SKU-S-02,37,40.740517,38
2025-06-20,SKU-S-02,30,46.083427,72
2025-06-21,SKU-S-02,126,53.20431,44
2025-06-22,SKU-S-02,84,46.059467,51
2025-06-23,SKU-S-02,54,42.50763,87
2025-06-24,SKU-S-02,21,38.79703,45
2025-06-25,SKU-S-02,57,39.892582,45
2025-06-26,SKU-S-02,31,38.30118,38
2025-06-27,SKU-S-02,58,49.39348,72
2025-06-28,SKU-S-02,50,57.039227,44
2025-06-29,SKU-S-02,65,50.316013,51
2025-06-30,SKU-S-02,28,36.655983,87
2025-07-01,SKU-S-02,9,35.94257,45
2025-05-07,SKU-S-03,31,45.483948,58
2025-05-08,SKU-S-03,27,56.07754,58
2025-05-09,SKU-S-03,147,55.02627,73
2025-05-10,SKU-S-03,142,53.44319,30
2025-05-11,SKU-S-03,135,64.259674,57
2025-05-12,SKU-S-03,32,36.062054,44
2025-05-13,SKU-S-03,38,44.340813,47
2025-05-14,SKU-S-03,45,45.517994,58
2025-05-15,SKU-S-03,36,53.61281,58
2025-05-16,SKU-S-03,23,51.414085,73
2025-05-17,SKU-S-03,36,51.962532,30
2025-05-18,SKU-S-03,67,54.00428,57
2025-05-19,SKU-S-03,41,39.15378,44
2025-05-20,SKU-S-03,47,40.091007,47
2025-05-21,SKU-S-03,43,38.959244,58
2025-05-22,SKU-S-03,37,50.03333,58
2025-05-23,SKU-S-03,60,49.787666,73
2025-05-24,SKU-S-03,60,58.953045,30
2025-05-25,SKU-S-03,48,55.81125,57
2025-05-26,SKU-S-03,12,37.053337,44
2025-05-27,SKU-S-03,65,35.80072,47
2025-05-28,SKU-S-03,31,35.914455,58
2025-05-29,SKU-S-03,51,45.034275,58
2025-05-30,SKU-S-03,32,42.77729,73
2025-05-31,SKU-S-03,70,41.325893,30
2025-06-01,SKU-S-03,43,47.412285,57
2025-06-02,SKU-S-03,43,30.622257,44
2025-06-03,SKU-S-03,106,95.854675,47
2025-06-04,SKU-S-03,50,40.55624,58
2025-06-05,SKU-S-03,85,46.182686,58
2025-06-06,SKU-S-03,39,46.7726,73
2025-06-07,SKU-S-03,87,113.985695,30
2025-06-08,SKU-S-03,162,138.39946,57
2025-06-09,SKU-S-03,34,41.62804,44
2025-06-10,SKU-S-03,42,45.94202,47
2025-06-11,SKU-S-03,77,44.603207,58
2025-06-12,SKU-S-03,60,49.713844,58
2025-06-13,SKU-S-03,39,52.51262,73
2025-06-14,SKU-S-03,155,60.85032,30
2025-06-15,SKU-S-03,38,146.47878,57
2025-06-16,SKU-S-03,40,41.402363,44
2025-06-17,SKU-S-03,59,48.188713,47
2025-06-18,SKU-S-03,42,42.925816,58
2025-06-19,SKU-S-03,44,53.563652,58
2025-06-20,SKU-S-03,33,56.60203,73
2025-06-21,SKU-S-03,84,82.04598,30
2025-06-22,SKU-S-03,90,72.83389,57
2025-06-23,SKU-S-03,39,39.91793,44
2025-06-24,SKU-S-03,19,45.922413,47
2025-06-25,SKU-S-03,84,40.45482,58
2025-06-26,SKU-S-03,16,51.37321,58
2025-06-27,SKU-S-03,38,56.124752,73
2025-06-28,SKU-S-03,119,71.53748,30
2025-06-29,SKU-S-03,66,73.5291,57
2025-06-30,SKU-S-03,41,38.401207,44
2025-07-01,SKU-S-03,22,44.734592,47
2025-05-07,SKU-S-04,112,142.65477,137
2025-05-08,SKU-S-04,192,169.02197,115
2025-05-09,SKU-S-04,303,185.40425,177
2025-05-10,SKU-S-04,66,105.526024,190
2025-05-11,SKU-S-04,152,108.74842,176
2025-05-12,SKU-S-04,113,60.466606,136
2025-05-13,SKU-S-04,67,65.5675,43
2025-05-14,SKU-S-04,36,63.168465,137
2025-05-15,SKU-S-04,49,180.69537,115
2025-05-16,SKU-S-04,34,81.1511,177
2025-05-17,SKU-S-04,122,106.577774,190
2025-05-18,SKU-S-04,96,101.653244,176
2025-05-19,SKU-S-04,98,66.47729,136
2025-05-20,SKU-S-04,26,64.858345,43
2025-05-21,SKU-S-04,179,72.10358,137
2025-05-22,SKU-S-04,365,80.7409,115
2025-05-23,SKU-S-04,48,82.90483,177
2025-05-24,SKU-S-04,56,104.90671,190
2025-05-25,SKU-S-04,80,99.91329,176
2025-05-26,SKU-S-04,65,64.14719,136
2025-05-27,SKU-S-04,80,71.83402,43
2025-05-28,SKU-S-04,158,74.108376,137
2025-05-29,SKU-S-04,36,71.52977,115
2025-05-30,SKU-S-04,94,87.019646,177
2025-05-31,SKU-S-04,150,107.899445,190
2025-06-01,SKU-S-04,174,92.57998,176
2025-06-02,SKU-S-04,157,62.480362,136
2025-06-03,SKU-S-04,160,67.10134,43
2025-06-04,SKU-S-04,260,153.4049,137
2025-06-05,SKU-S-04,104,190.75745,115
2025-06-06,SKU-S-04,317,203.17099,177
2025-06-07,SKU-S-04,561,103.589035,190
2025-06-08,SKU-S-04,47,241.9187,176
2025-06-09,SKU-S-04,102,65.578575,136
2025-06-10,SKU-S-04,132,66.013405,43
2025-06-11,SKU-S-04,41,68.27227,137
2025-06-12,SKU-S-04,131,79.0082,115
2025-06-13,SKU-S-04,56,81.043686,177
2025-06-14,SKU-S-04,73,105.37086,190
2025-06-15,SKU-S-04,207,112.72852,176
2025-06-16,SKU-S-04,165,65.098114,136
2025-06-17,SKU-S-04,48,63.195797,43
2025-06-18,SKU-S-04,74,64.75765,137
2025-06-19,SKU-S-04,190,200.2068,115
2025-06-20,SKU-S-04,99,84.415726,177
2025-06-21,SKU-S-04,83,110.0393,190
2025-06-22,SKU-S-04,137,94.962654,176
2025-06-23,SKU-S-04,96,63.3548,136
2025-06-24,SKU-S-04,91,66.68639,43
2025-06-25,SKU-S-04,84,68.41916,137
2025-06-26,SKU-S-04,60,71.514725,115
2025-06-27,SKU-S-04,102,83.66236,177
2025-06-28,SKU-S-04,227,110.23596,190
2025-06-29,SKU-S-04,17,98.87263,176
2025-06-30,SKU-S-04,93,66.54643,136
2025-07-01,SKU-S-04,115,67.535065,43
2025-05-07,SKU-S-05,29,46.453747,90
2025-05-08,SKU-S-05,24,44.48991,40
2025-05-09,SKU-S-05,31,53.14607,43
2025-05-10,SKU-S-05,234,130.689,54
2025-05-11,SKU-S-05,59,57.424297,24
2025-05-12,SKU-S-05,35,43.100006,34
2025-05-13,SKU-S-05,49,35.035675,36
2025-05-14,SKU-S-05,46,51.263344,90
2025-05-15,SKU-S-05,54,46.739956,40
2025-05-16,SKU-S-05,54,57.9373,43
2025-05-17,SKU-S-05,133,68.39202,54
2025-05-18,SKU-S-05,66,59.373352,24
2025-05-19,SKU-S-05,47,42.05653,34
2025-05-20,SKU-S-05,20,38.909687,36
2025-05-21,SKU-S-05,51,47.456257,90
2025-05-22,SKU-S-05,48,45.93236,40
2025-05-23,SKU-S-05,38,56.55676,43
2025-05-24,SKU-S-05,91,72.47012,54
2025-05-25,SKU-S-05,121,52.824036,24
2025-05-26,SKU-S-05,58,41.313118,34
2025-05-27,SKU-S-05,85,40.570946,36
2025-05-28,SKU-S-05,106,106.71739,90
2025-05-29,SKU-S-05,85,47.52737,40
2025-05-30,SKU-S-05,26,55.375942,43
2025-05-31,SKU-S-05,150,179.99556,54
2025-06-01,SKU-S-05,93,57.18917,24
2025-06-02,SKU-S-05,16,39.767494,34
2025-06-03,SKU-S-05,18,39.674786,36
2025-06-04,SKU-S-05,27,48.056793,90
2025-06-05,SKU-S-05,21,48.007378,40
2025-06-06,SKU-S-05,14,59.451733,43
2025-06-07,SKU-S-05,81,78.015884,54
2025-06-08,SKU-S-05,80,60.472908,24
2025-06-09,SKU-S-05,31,40.257687,34
2025-06-10,SKU-S-05,36,39.328598,36
2025-06-11,SKU-S-05,22,49.477173,90
2025-06-12,SKU-S-05,34,51.575775,40
2025-06-13,SKU-S-05,50,57.805645,43
2025-06-14,SKU-S-05,166,78.36862,54
2025-06-15,SKU-S-05,88,61.35361,24
2025-06-16,SKU-S-05,31,40.199074,34
2025-06-17,SKU-S-05,9,39.231323,36
2025-06-18,SKU-S-05,66,48.795563,90
2025-06-19,SKU-S-05,51,51.47797,40
2025-06-20,SKU-S-05,149,58.081844,43
2025-06-21,SKU-S-05,55,72.77751,54
2025-06-22,SKU-S-05,42,56.77812,24
2025-06-23,SKU-S-05,98,40.80673,34
2025-06-24,SKU-S-05,78,123.90444,36
2025-06-25,SKU-S-05,105,50.84261,90
2025-06-26,SKU-S-05,23,53.476406,40
2025-06-27,SKU-S-05,40,59.60719,43
2025-06-28,SKU-S-05,91,77.13589,54
2025-06-29,SKU-S-05,101,58.76717,24
2025-06-30,SKU-S-05,65,37.563484,34
2025-07-01,SKU-S-05,58,41.115147,36
