sku_id,category,trend_type,unit_cost,holding_cost_rate,ordering_cost,lead_time_days,avg_daily_demand_forecast,forecast_daily_std,service_level,z_score,safety_stock,reorder_point,annual_demand_forecast,holding_cost_per_unit_per_year,economic_order_qty
SKU-B-01,Beverages,up,3.4,0.267,28.2,5,245.74,110.99,0.95,1.6448536269514722,408.22,1636.93,89695.28579711914,0.9078,2360.64
SKU-B-02,Beverages,up,3.58,0.224,43.87,6,187.43,77.55,0.95,1.6448536269514722,312.46,1437.06,68413.37310791016,0.8019200000000001,2735.92
SKU-B-03,Beverages,flat,3.27,0.275,49.27,4,122.09,54.46,0.95,1.6448536269514722,179.16,667.51,44561.97425842285,0.8992500000000001,2209.78
SKU-B-04,Beverages,up,2.75,0.257,35.86,5,114.76,58.45,0.95,1.6448536269514722,214.99,788.78,41886.26739501953,0.70675,2061.69
SKU-B-05,Beverages,flat,1.59,0.258,39.56,6,83.54,53.06,0.95,1.6448536269514722,213.78,715.0,30490.90847015381,0.41022000000000003,2425.05
SKU-S-01,Snacks,flat,3.63,0.235,39.82,5,36.18,24.49,0.95,1.6448536269514722,90.06,270.96,13205.358982086182,0.85305,1110.33
SKU-S-02,Snacks,flat,5.98,0.245,31.04,3,43.79,27.35,0.95,1.6448536269514722,77.91,209.27,15982.57339477539,1.4651,822.94
SKU-S-03,Snacks,down,2.15,0.221,33.27,6,56.65,32.87,0.95,1.6448536269514722,132.43,472.35,20678.499507904053,0.47514999999999996,1701.71
SKU-S-04,Snacks,up,3.28,0.215,32.45,3,84.16,92.75,0.95,1.6448536269514722,264.25,516.71,30716.8168258667,0.7051999999999999,1681.34
SKU-S-05,Snacks,down,2.38,0.255,20.67,4,54.72,34.08,0.95,1.6448536269514722,112.11,330.97,19971.37466430664,0.6069,1166.35
SKU-H-01,Household,flat,6.54,0.201,29.26,9,14.52,8.15,0.95,1.6448536269514722,40.22,170.86,5298.257079124451,1.31454,485.66
SKU-H-02,Household,flat,4.66,0.196,28.92,4,33.98,20.83,0.95,1.6448536269514722,68.54,204.47,12403.739929199219,0.9133600000000001,886.28
SKU-H-03,Household,flat,10.78,0.226,31.04,6,22.64,12.47,0.95,1.6448536269514722,50.23,186.09,8264.708795547485,2.43628,458.91
SKU-H-04,Household,flat,11.99,0.209,30.66,8,58.12,19.01,0.95,1.6448536269514722,88.44,553.42,21214.42617416382,2.50591,720.5
SKU-H-05,Household,flat,10.25,0.227,29.18,10,36.14,12.27,0.95,1.6448536269514722,63.82,425.25,13192.22620010376,2.32675,575.23
SKU-EA-01,Electronics-Accessories,up,42.38,0.287,61.43,18,11.79,10.69,0.95,1.6448536269514722,74.6,286.8,4302.9632568359375,12.16306,208.48
SKU-EA-02,Electronics-Accessories,up,51.82,0.309,118.76,12,20.52,19.67,0.95,1.6448536269514722,112.06,358.27,7488.950128555298,16.01238,333.3
SKU-EA-03,Electronics-Accessories,up,30.93,0.263,109.07,14,24.17,17.73,0.95,1.6448536269514722,109.12,447.55,8823.491125106812,8.134590000000001,486.43
SKU-EA-04,Electronics-Accessories,up,28.23,0.296,115.43,10,27.91,32.29,0.95,1.6448536269514722,167.95,447.02,10186.054153442383,8.35608,530.49
SKU-EA-05,Electronics-Accessories,up,28.24,0.306,104.36,20,21.31,26.84,0.95,1.6448536269514722,197.4,623.57,7777.534379959106,8.64144,433.42
SKU-PC-01,Personal-Care,flat,3.34,0.216,31.43,10,35.53,16.75,0.95,1.6448536269514722,87.1,442.37,12967.348194122314,0.72144,1062.95
SKU-PC-02,Personal-Care,down,5.79,0.228,24.07,6,13.52,6.02,0.95,1.6448536269514722,24.24,105.34,4933.571057319641,1.32012,424.16
SKU-PC-03,Personal-Care,flat,6.44,0.206,32.02,5,27.51,13.35,0.95,1.6448536269514722,49.09,186.63,10040.34390449524,1.32664,696.18
SKU-PC-04,Personal-Care,down,4.47,0.247,38.1,11,22.96,8.2,0.95,1.6448536269514722,44.71,297.32,8381.929178237915,1.10409,760.58
SKU-PC-05,Personal-Care,flat,6.28,0.208,27.67,8,18.26,14.89,0.95,1.6448536269514722,69.3,215.34,6663.447847366333,1.30624,531.32
