sku_id,category,trend_type,unit_cost,holding_cost_rate,ordering_cost,lead_time_days
SKU-B-01,Beverages,up,3.4,0.267,28.2,5
SKU-B-02,Beverages,up,3.58,0.224,43.87,6
SKU-B-03,Beverages,flat,3.27,0.275,49.27,4
SKU-B-04,Beverages,up,2.75,0.257,35.86,5
SKU-B-05,Beverages,flat,1.59,0.258,39.56,6
SKU-S-01,Snacks,flat,3.63,0.235,39.82,5
SKU-S-02,Snacks,flat,5.98,0.245,31.04,3
SKU-S-03,Snacks,down,2.15,0.221,33.27,6
SKU-S-04,Snacks,up,3.28,0.215,32.45,3
SKU-S-05,Snacks,down,2.38,0.255,20.67,4
SKU-H-01,Household,flat,6.54,0.201,29.26,9
SKU-H-02,Household,flat,4.66,0.196,28.92,4
SKU-H-03,Household,flat,10.78,0.226,31.04,6
SKU-H-04,Household,flat,11.99,0.209,30.66,8
SKU-H-05,Household,flat,10.25,0.227,29.18,10
SKU-EA-01,Electronics-Accessories,up,42.38,0.287,61.43,18
SKU-EA-02,Electronics-Accessories,up,51.82,0.309,118.76,12
SKU-EA-03,Electronics-Accessories,up,30.93,0.263,109.07,14
SKU-EA-04,Electronics-Accessories,up,28.23,0.296,115.43,10
SKU-EA-05,Electronics-Accessories,up,28.24,0.306,104.36,20
SKU-PC-01,Personal-Care,flat,3.34,0.216,31.43,10
SKU-PC-02,Personal-Care,down,5.79,0.228,24.07,6
SKU-PC-03,Personal-Care,flat,6.44,0.206,32.02,5
SKU-PC-04,Personal-Care,down,4.47,0.247,38.1,11
SKU-PC-05,Personal-Care,flat,6.28,0.208,27.67,8
